gff_file,scaffold_name,clustering_id,annotation_id,prot_sequence,dna_sequence,gene_name,description
ex1,abc|SC|contig000001,0_0_0,abc_00001,MKTRIVSSVTTTLLLGSILMNPVANAADSDINIKTGTTDIGSNTTVKTGDLVTYDKENGMHKKVFYSFIDDKNHNKKLLVIRTKGTIAGQYRVYSEEGANKSGLAWPSAFKVQLQLPDNEVAQISDYYPRNSIDTKEYMSTLTYGFNGNVTGDDTGKIGGLIGANVSIGHTLKYVQPDFKTILESPTDKKVGWKVIFNNMVNQNWGPYDRDSWNPVYGNQLFMKTRNGSMKAAENFLDPNKASSLLSSGFSPDFATVITMDRKASKQQTNIDVIYERVRDDYQLHWTSTNWKGTNTKDKWTDRSSERYKIDWEKEEMTN,ATGAAAACACGTATAGTCAGCTCAGTAACAACAACACTATTGCTAGGTTCCATATTAATGAATCCTGTCGCTAATGCCGCAGATTCTGATATTAATATTAAAACCGGTACTACAGATATTGGAAGCAATACTACAGTAAAAACAGGTGATTTAGTCACTTATGATAAAGAAAATGGCATGCACAAAAAAGTATTTTATAGTTTTATCGATGATAAAAATCACAATAAAAAACTGCTAGTTATTAGAACGAAAGGTACCATTGCTGGTCAATATAGAGTTTATAGCGAAGAAGGTGCTAACAAAAGTGGTTTAGCCTGGCCTTCAGCCTTTAAGGTACAGTTGCAACTACCTGATAATGAAGTAGCTCAAATATCTGATTACTATCCAAGAAATTCGATTGATACAAAAGAGTATATGAGTACTTTAACTTATGGATTCAACGGTAATGTTACTGGTGATGATACAGGAAAAATTGGCGGCCTTATTGGTGCAAATGTTTCGATTGGTCATACACTGAAATATGTTCAACCTGATTTCAAAACAATTTTAGAGAGCCCAACTGATAAAAAAGTAGGCTGGAAAGTGATATTTAACAATATGGTGAATCAAAATTGGGGACCATATGATAGAGATTCTTGGAACCCGGTATATGGCAATCAACTTTTCATGAAAACTAGAAATGGTTCTATGAAAGCAGCAGAGAACTTCCTTGATCCTAACAAAGCAAGTTCTCTATTATCTTCAGGGTTTTCACCAGACTTCGCTACAGTTATTACTATGGATAGAAAAGCATCCAAACAACAAACAAATATAGATGTAATATACGAACGAGTTCGTGATGACTACCAATTGCATTGGACTTCAACAAATTGGAAAGGTACCAATACTAAAGATAAATGGACAGATCGTTCTTCAGAAAGATATAAAATCGATTGGGAAAAAGAAGAAATGACAAATTAA,hly,Alpha-toxinbeta-channel forming cytolysinLeukocidin/Hemolysin toxin family protein
ex1,abc|SC|contig000001,0_0_1,abc_00002,MKLFYIVFLIIIWLNIFLGNEIIHTLTVLITTLYIVNSRKGIKNDRVE,ATGAAACTATTTTATATCGTATTTCTTATTATTATATGGCTGAATATATTTTTAGGAAATGAAATTATCCATACACTGACTGTTTTAATAACAACATTGTATATTGTTAATTCAAGAAAGGGGATTAAAAATGACAGAGTTGAATAA,,hypothetical protein
ex1,abc|SC|contig000001,0_0_2,abc_00003,MTELNNIINSLQSLFESESGYKISKNSGVPYQTVQDLRNGKTKLEDARFRTIIKLYSYYVSLKEH,ATGACAGAGTTGAATAATATTATAAACTCTCTTCAATCTTTGTTTGAGTCTGAATCAGGCTATAAAATTTCGAAAAATTCAGGAGTTCCATATCAAACAGTACAAGATTTAAGAAATGGGAAAACCAAACTAGAAGATGCTAGATTTAGAACGATTATTAAACTTTATAGTTACTATGTCTCATTAAAAGAACATTAA,,hypothetical protein
ex1,abc|SC|contig000001,0_0_3,abc_00004,MSKNITKNIILTTTLLLLGTVLPQNQKPVFSFYSEAKAYSIGQDETNINELIKYYTQPHFSFSNKWLYQYDNGNIYVELKRYSWSAHISLWGAESWGNINQLKDRYVDVFGLKDKDTDQLWWSYRETFTGGVTPAAKPSDKTYNLFVQYKDKLQTIIGAHKIYQGNKPVLTLKEIDFRAREALIKNKILYTENRNKGKLKITGGGNNYTIDLSKRLHSDLANVYVKNPNKITVDVLFD,ATGAGTAAGAACATCACGAAAAATATAATTTTAACGACAACATTATTACTATTAGGTACTGTATTACCTCAAAATCAAAAACCAGTATTTAGTTTTTACTCTGAAGCTAAAGCTTATAGCATTGGTCAAGATGAAACTAACATCAATGAATTAATTAAATATTACACACAGCCTCATTTTTCATTTTCAAATAAATGGCTATATCAATATGATAATGGAAACATTTATGTTGAACTTAAGAGATATTCATGGTCAGCACATATATCTTTATGGGGCGCTGAAAGTTGGGGAAATATTAATCAGTTAAAAGATCGTTACGTAGATGTGTTTGGACTAAAAGACAAAGATACTGATCAGTTATGGTGGTCTTATAGAGAGACATTTACAGGTGGCGTTACACCAGCCGCAAAACCTTCTGATAAAACTTATAATCTTTTTGTGCAATACAAAGATAAACTACAAACGATTATTGGTGCGCATAAAATATACCAAGGCAATAAACCAGTATTAACATTGAAAGAAATCGATTTCCGTGCACGAGAAGCGTTAATAAAAAATAAAATATTATATACCGAAAATCGTAATAAAGGTAAGCTTAAGATCACCGGTGGCGGTAATAACTACACTATTGATTTAAGCAAAAGATTACATTCAGATCTAGCAAATGTTTATGTTAAAAATCCTAATAAAATAACTGTTGACGTCCTCTTTGATTAG,,superantigen-like proteinStaphylococcal/Streptococcal toxin beta-grasp domain
ex1,abc|SC|contig000001,0_0_4,abc_00005,MNNNITKKIILSTTLLLLGTAFTQFPNTPINSSSEAKAYYINQNETNVNELTKYYSQKYLTFSNSTLWQKDNGTIHATLLQFSWYSHIQVYGPESWGNINQLRNKSVDIFGIKDQETIDSFALSQETFTGGVTPAATSNDKHYKLNVTYKDKAETFTGGFPVYEGNKPVLTLKELDFRIRQTLIKSKKLYNNSYNKGQIKITGTDNNYTIDLSKRLPSTDANRYVKKPQNAKIEVILEKSN,ATGAACAATAACATCACGAAAAAAATTATTTTATCAACAACATTGTTACTATTAGGTACAGCATTTACACAATTTCCTAATACACCTATCAATTCTTCATCTGAAGCGAAAGCTTATTATATAAATCAAAACGAAACTAACGTTAATGAGTTAACTAAATATTACTCGCAAAAATATTTAACCTTCTCTAACAGTACGTTATGGCAAAAAGATAACGGTACGATTCATGCAACGTTGTTACAGTTTTCTTGGTATAGTCATATTCAAGTTTATGGACCTGAAAGTTGGGGCAATATCAACCAATTAAGAAATAAAAGCGTTGATATTTTTGGCATAAAAGACCAAGAAACCATTGATTCTTTTGCATTATCTCAAGAAACGTTTACTGGTGGTGTTACTCCTGCAGCAACATCTAACGATAAACACTATAAACTGAATGTAACATATAAAGATAAAGCAGAAACGTTTACTGGCGGATTTCCAGTTTATGAAGGCAATAAGCCTGTTTTAACTTTAAAAGAATTAGATTTTCGTATTCGTCAAACATTAATTAAAAGTAAAAAATTATATAATAATTCTTATAATAAAGGACAAATTAAAATAACAGGTACAGACAATAACTACACAATAGATTTAAGTAAAAGGTTGCCATCAACTGATGCAAATAGATATGTTAAAAAACCTCAAAATGCAAAAATTGAAGTTATCCTCGAAAAATCAAACTAA,speH,hypothetical proteinsuperantigen-like proteinStaphylococcal/Streptococcal toxin beta-grasp domain
ex1,abc|SC|contig000001,0_0_5,abc_00006,MKKNIMNKLVLSTALLLLGTTSTQLPKTPISFSSEAKAYNISENETNINELIKYYTQPHFSLSGKWLWQKPNGSIHATLQTWVWYSHIQVFGSESWGNINQLRNKYVDIFGTKDEDTVEGYWTYDETFTGGVTPAATSSDKPYRLFLKYSDKQQTIIGGHEFYKGNKPVLTLKELDFRIRQTLIKNKKLYNGEFNKGQIKITADGNNYTIDLSKKLKLTDTNRYVKNPKNAQIEVILEKSN,ATGAAAAAGAACATCATGAATAAATTAGTTTTATCAACAGCATTGTTACTTTTAGGAACCACATCAACACAACTTCCTAAAACACCAATCAGTTTTTCATCTGAAGCAAAAGCCTATAATATCAGTGAAAACGAGACTAATATCAATGAGTTAATCAAATATTACACTCAGCCGCATTTTTCATTATCTGGAAAATGGCTATGGCAAAAGCCCAATGGTAGCATTCATGCAACATTGCAAACGTGGGTTTGGTATAGTCATATTCAAGTGTTTGGATCCGAGAGTTGGGGAAACATTAATCAGTTAAGAAATAAATACGTTGATATATTTGGAACTAAAGATGAGGACACAGTTGAAGGTTACTGGACTTATGATGAAACATTTACTGGTGGTGTTACGCCAGCAGCTACTTCATCTGATAAACCTTATAGACTATTTTTAAAATATAGTGATAAACAACAAACTATCATCGGTGGACATGAATTTTACAAAGGAAATAAACCAGTATTAACTTTAAAAGAATTAGATTTCCGTATTCGTCAAACATTAATAAAGAATAAAAAGTTATATAACGGAGAATTTAATAAAGGTCAAATTAAGATAACTGCTGATGGAAATAATTACACGATTGATTTAAGTAAAAAGTTAAAATTAACTGACACAAACCGTTATGTTAAAAATCCTAAAAATGCACAAATTGAAGTCATACTCGAAAAATCTAACTAA,,superantigen-like proteinStaphylococcal/Streptococcal toxin beta-grasp domain
ex1,abc|SC|contig000001,0_0_6,abc_00007,MKNLRNRSFLTLLDFSRQEVEFLLTLSEDLKRAKYIGTEKPMLKNKNIALLFEKDSTRTRCAFEVAAHDQGANVTYLGPTGSQMGKKETTKDTARVLGGMYDGIEYRGFSQRTVETLAENSGVPVWNGLTDEDHPTQVLADFLTAKEVLKKDYADINFTYVGDGRNNVANALMQGAAIMGMNFHLVCPKELNPTDELLNRCKNIAAENGGNILITDDIDQGVKGSDVIYTDVWVSMGEPDEVWKERLELLKPYQVNKEMMDKTGNPNVIFEHCLPSFHNADTKIGQQIFEKYGIREMEVTDEVFESKASVVFQEAENRMHTIKAVMVATLGEF,ATGAAAAATTTACGAAACAGAAGTTTTTTAACTTTATTAGACTTTTCACGACAAGAGGTAGAATTCTTATTAACACTCTCCGAGGATTTAAAACGTGCTAAATATATTGGCACTGAAAAGCCTATGTTAAAAAATAAAAATATTGCACTGTTATTTGAAAAAGATTCTACAAGAACGCGATGTGCATTTGAAGTTGCAGCGCATGATCAAGGTGCAAATGTAACTTATTTAGGCCCAACTGGATCACAAATGGGTAAAAAAGAAACAACTAAAGATACTGCACGTGTGCTTGGTGGAATGTATGATGGCATTGAATACCGTGGTTTTTCACAAAGAACAGTAGAAACTTTAGCTGAAAATTCAGGCGTACCAGTGTGGAATGGTTTAACTGATGAAGATCATCCTACTCAAGTTCTTGCTGATTTCTTAACAGCAAAAGAAGTCTTAAAAAAAGATTATGCAGATATTAACTTTACATATGTTGGAGATGGTCGTAATAACGTTGCAAATGCATTAATGCAAGGTGCTGCCATTATGGGTATGAACTTCCATTTAGTTTGTCCAAAAGAATTAAATCCAACAGATGAATTATTAAATCGCTGTAAAAATATTGCCGCTGAAAATGGTGGCAACATATTAATCACAGATGATATTGACCAAGGTGTAAAAGGTTCGGATGTAATTTACACTGATGTTTGGGTATCAATGGGTGAACCTGATGAAGTATGGAAAGAACGACTTGAATTATTGAAACCATATCAAGTAAATAAAGAAATGATGGATAAAACTGGTAATCCAAATGTTATTTTTGAGCATTGCTTACCATCTTTCCATAATGCTGATACGAAAATTGGTCAACAAATTTTTGAAAAATATGGTATTCGAGAAATGGAAGTTACAGATGAAGTATTCGAAAGTAAAGCTTCAGTTGTATTCCAAGAAGCTGAGAACAGAATGCATACAATCAAAGCAGTCATGGTTGCTACATTGGGTGAATTTTAA,argF,Ornithine carbamoyltransferaseornithine carbamoyltransferaseOrnithine carbamoyltransferaseornithine carbamoyltransferaseAspartate/ornithine carbamoyltransferase Asp/Orn binding domain
ex1,abc|SC|contig000001,0_0_7,abc_00008,MMAKIVVALGGNALGKSPQEQLELVKNTAKSLVGLITKGHEIVISHGNGPQVGSINLGLNYAAEHNQGPAFPFAECGAMSQAYIGYQLQESLQNELHSIGMDKQVVTLVTQVEVDENDPAFNNPSKPIGLFYNKEEAEQIQKEKGFIFVEDAGRGYRRVVPSPQPISIIELESIKTLIKNDTLVIAAGGGGIPVIREQHDGFKGIDAVIDKDKTSALLGANIQCDQLIILTAIDYVYINFNTENQQPLKTTNVDELKRYIDENQFAKGSMLPKIEAAISFIENNPKGSVLITSLNELDAALEGKVGTVIKK,ATGATGGCGAAAATAGTAGTAGCATTAGGTGGTAATGCTTTAGGAAAATCACCTCAAGAACAACTCGAGCTTGTTAAAAATACTGCGAAATCATTAGTAGGATTAATAACAAAAGGACATGAGATTGTTATTAGTCATGGTAATGGACCACAGGTTGGAAGCATTAATTTGGGACTTAACTATGCTGCAGAACATAACCAAGGTCCGGCATTTCCATTTGCTGAATGTGGCGCAATGAGTCAAGCTTACATCGGCTATCAATTACAAGAAAGCTTACAAAATGAATTGCATTCTATTGGAATGGATAAACAAGTGGTAACACTAGTGACACAAGTTGAAGTTGATGAAAATGATCCGGCATTTAACAATCCTTCAAAACCAATTGGGTTATTTTACAACAAAGAAGAAGCTGAACAAATTCAAAAAGAAAAAGGATTTATATTTGTTGAAGATGCTGGAAGAGGATATAGACGCGTTGTTCCTTCACCACAACCCATCTCTATTATTGAATTAGAGAGTATTAAAACACTTATTAAAAATGATACACTCGTTATTGCTGCTGGTGGTGGAGGTATACCAGTAATTAGAGAGCAACATGATGGTTTTAAAGGTATTGATGCAGTTATAGACAAAGATAAAACAAGTGCGTTGTTGGGTGCTAATATTCAATGCGATCAATTGATTATTTTAACAGCAATTGATTATGTATATATTAATTTTAACACTGAAAACCAACAGCCTTTGAAAACAACAAATGTTGATGAATTAAAACGATATATAGACGAAAATCAATTTGCAAAAGGAAGTATGTTACCAAAAATTGAAGCAGCCATATCATTTATTGAAAACAATCCAAAAGGAAGTGTGCTTATAACATCATTAAATGAATTAGATGCTGCCTTAGAGGGTAAAGTAGGTACTGTGATTAAAAAGTAA,arcC1,Carbamate kinase 1putative amino acid kinasecarbamate kinaseAmino acid kinase family protein
ex1,abc|SC|contig000001,0_0_8,abc_00010,MTHLTKVLDTLTGICVVLLFSKYFVAYANMVFDWNLRWYLLENIPHLPIILFILMFIFGVPSEMIKDRQRKNNGV,ATGACACATTTGACAAAGGTTTTAGATACACTAACTGGAATATGCGTAGTATTATTATTTAGTAAATATTTTGTGGCGTATGCAAATATGGTGTTTGATTGGAATTTAAGATGGTATTTGCTAGAAAACATACCACATTTGCCAATTATATTATTTATTCTGATGTTTATTTTCGGAGTACCTTCTGAAATGATAAAAGATAGGCAAAGGAAAAATAACGGTGTTTAA,,hypothetical protein
ex1,abc|SC|contig000001,0_0_9,abc_00011,MRLQKAPLVTSGLVLGLLGLGNLLKDLSLTLNAVCGIFAFLIWIHLLCTMIKYFNNVKEQLNSPLVSSVFTTFFMSGFLGTTYLNTFFSNITFINSLITPIWILCLVGIMTHMIIFSIKYLKDFSLENVYPSWTVLFIGIAIAGLTAPVSGCFFIGQLTVIYGFVATCIVLPIVFKRLKAFPLQTSIKPNTSTICAPFSLVAAAYVIAFPKANAFIVIIFLILAQIFYFYIIIQLPKLLKEPFSPVFSAFTFPLVISATALKNSLPVLMFPDIWKGLLFIEVLLATVIVLRVFIGYLHFFLKKENQDKFLRNASQ,ATGAGACTTCAAAAAGCACCTCTAGTAACGTCAGGACTAGTCTTAGGATTATTAGGCCTGGGTAATCTATTAAAAGACTTATCTCTTACTTTAAACGCTGTTTGCGGAATCTTTGCTTTCTTGATTTGGATTCACCTTTTATGTACTATGATCAAATATTTTAATAATGTGAAAGAACAATTAAACAGTCCTCTAGTTTCATCAGTGTTCACAACATTTTTCATGTCTGGCTTTTTAGGTACTACTTATTTAAATACATTTTTTAGTAACATAACTTTTATCAATAGCTTAATAACGCCTATTTGGATTTTATGCCTTGTGGGAATTATGACGCATATGATTATTTTTTCAATAAAATATTTAAAAGATTTTTCACTTGAAAATGTTTATCCTTCGTGGACTGTACTTTTTATTGGTATTGCTATCGCAGGATTGACGGCACCCGTTAGCGGATGTTTTTTCATAGGTCAATTAACAGTAATATATGGCTTTGTAGCTACTTGTATTGTCTTACCTATTGTTTTCAAGCGATTAAAAGCATTTCCATTGCAGACGTCAATCAAACCGAACACATCGACAATTTGTGCACCATTTTCTTTAGTCGCTGCAGCATATGTTATAGCCTTTCCTAAGGCGAATGCTTTTATCGTAATTATATTTTTAATATTAGCTCAAATATTTTATTTTTATATCATTATACAATTGCCTAAATTACTAAAAGAACCTTTTTCGCCCGTATTTTCAGCTTTCACATTCCCTTTAGTAATCTCAGCAACTGCTTTAAAGAACAGTTTGCCTGTACTTATGTTTCCAGATATTTGGAAAGGTCTTTTGTTTATCGAAGTGTTATTAGCCACTGTAATAGTACTTAGAGTCTTTATAGGATATCTTCACTTCTTTTTAAAAAAGGAAAATCAAGATAAATTTCTTCGTAATGCGTCTCAGTAA,,C4-dicarboxylate transporter/malic acid transport protein
ex1,abc|SC|contig000001,0_0_10,abc_00012,MRNQIQKLLDSDLSSLHISKQTGVPQSTIHRMRKKERSLDNMSLKNAELLYKFANSIFSNEN,ATGAGAAATCAAATTCAAAAACTATTAGACAGTGATTTGAGCAGTTTACATATATCGAAACAAACAGGAGTTCCACAAAGCACAATACACAGAATGAGAAAAAAAGAAAGATCATTAGACAATATGTCATTGAAAAACGCTGAACTACTTTATAAATTTGCCAATAGTATATTTAGCAATGAAAATTAA,,hypothetical protein
ex1,abc|SC|contig000001,0_0_11,abc_00014,MEGLFNAIKDTVTAAINNDGAKLGTSIVSIVENGVGLLGKLFGF,ATGGAAGGTTTATTTAACGCAATTAAAGATACCGTAACTGCAGCAATTAATAATGATGGCGCAAAATTAGGCACAAGCATTGTGAGCATCGTTGAAAATGGCGTAGGTTTATTAGGTAAATTATTCGGATTCTAA,,Gonococcal growth inhibitor IIIStaphylococcus haemolytic protein
ex1,abc|SC|contig000001,0_0_12,abc_00015,MTGLAEAIANTVQAAQQHDSVKLGTSIVDIVANGVGLLGKLFGF,ATGACTGGACTAGCAGAAGCAATCGCAAATACTGTGCAAGCTGCACAACAACATGATAGTGTGAAATTAGGCACAAGTATCGTAGACATCGTTGCTAACGGTGTGGGTTTACTAGGTAAATTATTTGGATTCTAA,,Gonococcal growth inhibitor IIIStaphylococcus haemolytic protein
ex1,abc|SC|contig000001,0_0_13,abc_00016,MGYKNILIDFDDTIVDFYDAEEWAFHYMANVFNHKATKDDFLTFKKINHQHWEAFQQNKLTKSEVLSERFVNYFKHHQMEVDGHRADVLFRNGLAEAKVKYFDQTLETIVELSKRHDLYIVTNGVTETQKRRLNQTPLHKYIKKIFISEETGYQKPNPEFFNYVFNDIGEDERQHSIIVGDSLTSDILGGINAGIATCWFNFRGFDHNPGIIPDYEINSWKQLNDIVR,TTGGGATATAAAAATATTTTGATAGACTTTGATGATACAATTGTTGATTTTTATGATGCAGAAGAATGGGCGTTTCACTATATGGCGAATGTTTTTAATCATAAAGCAACAAAGGATGATTTTTTAACATTTAAAAAAATCAATCACCAACATTGGGAAGCTTTTCAACAAAATAAATTAACGAAGTCTGAAGTATTATCAGAACGATTTGTGAATTACTTCAAACATCATCAAATGGAAGTTGATGGGCATCGTGCAGATGTGTTATTTAGAAATGGATTAGCAGAAGCTAAAGTTAAATACTTTGATCAAACATTAGAAACAATTGTCGAATTATCGAAAAGACATGATTTATATATTGTTACTAATGGTGTAACCGAAACGCAAAAGAGAAGGTTAAATCAGACGCCGTTGCATAAATATATTAAAAAGATATTTATATCTGAGGAAACAGGATATCAAAAACCTAATCCGGAATTTTTTAATTATGTTTTTAATGATATTGGTGAGGATGAAAGACAGCACTCGATTATAGTTGGAGATTCTTTAACATCTGACATTCTAGGTGGAATCAATGCGGGTATAGCTACTTGCTGGTTTAATTTTAGAGGATTTGATCATAATCCAGGAATTATACCTGATTATGAAATTAATTCATGGAAACAACTAAATGATATTGTACGTTAA,yfnB,Putative HAD-hydrolase yfnBdUMP phosphataseHAD hydrolasehaloacid dehalogenase-like hydrolase
ex2,abc|SC|contig000001,1_0_0,abc_00001,MKTRIVSSVTTTLLLGSILMNPVANAADSDINIKTGTTDIGSNTTVKTGDLVTYDKENGMHKKVFYSFIDDKNHNKKLLVIRTKGTIAGQYRVYSEEGANKSGLAWPSAFKVQLQLPDNEVAQISDYYPRNSIDTKEYMSTLTYGFNGNVTGDDTGKIGGLIGANVSIGHTLKYVQPDFKTILESPTDKKVGWKVIFNNMVNQNWGPYDRDSWNPVYGNQLFMKTRNGSMKAAENFLDPNKASSLLSSGFSPDFATVITMDRKASKQQTNIDVIYERVRDDYQLHWTSTNWKGTNTKDKWTDRSSERYKIDWEKEEMTN,ATGAAAACACGTATAGTCAGCTCAGTAACAACAACACTATTGCTAGGTTCCATATTAATGAATCCTGTCGCTAATGCCGCAGATTCTGATATTAATATTAAAACCGGTACTACAGATATTGGAAGCAATACTACAGTAAAAACAGGTGATTTAGTCACTTATGATAAAGAAAATGGCATGCACAAAAAAGTATTTTATAGTTTTATCGATGATAAAAATCACAATAAAAAACTGCTAGTTATTAGAACGAAAGGTACCATTGCTGGTCAATATAGAGTTTATAGCGAAGAAGGTGCTAACAAAAGTGGTTTAGCCTGGCCTTCAGCCTTTAAGGTACAGTTGCAACTACCTGATAATGAAGTAGCTCAAATATCTGATTACTATCCAAGAAATTCGATTGATACAAAAGAGTATATGAGTACTTTAACTTATGGATTCAACGGTAATGTTACTGGTGATGATACAGGAAAAATTGGCGGCCTTATTGGTGCAAATGTTTCGATTGGTCATACACTGAAATATGTTCAACCTGATTTCAAAACAATTTTAGAGAGCCCAACTGATAAAAAAGTAGGCTGGAAAGTGATATTTAACAATATGGTGAATCAAAATTGGGGACCATATGATAGAGATTCTTGGAACCCGGTATATGGCAATCAACTTTTCATGAAAACTAGAAATGGTTCTATGAAAGCAGCAGAGAACTTCCTTGATCCTAACAAAGCAAGTTCTCTATTATCTTCAGGGTTTTCACCAGACTTCGCTACAGTTATTACTATGGATAGAAAAGCATCCAAACAACAAACAAATATAGATGTAATATACGAACGAGTTCGTGATGACTACCAATTGCATTGGACTTCAACAAATTGGAAAGGTACCAATACTAAAGATAAATGGACAGATCGTTCTTCAGAAAGATATAAAATCGATTGGGAAAAAGAAGAAATGACAAATTAA,hly,Alpha-toxinbeta-channel forming cytolysinLeukocidin/Hemolysin toxin family protein
ex2,abc|SC|contig000001,1_0_1,abc_00002,MKLFYIVFLIIIWLNIFLGNEIIHTLTVLITTLYIVNSRKGIKNDRVE,ATGAAACTATTTTATATCGTATTTCTTATTATTATATGGCTGAATATATTTTTAGGAAATGAAATTATCCATACACTGACTGTTTTAATAACAACATTGTATATTGTTAATTCAAGAAAGGGGATTAAAAATGACAGAGTTGAATAA,,hypothetical protein
ex2,abc|SC|contig000001,1_0_2,abc_00003,MTELNNIINSLQSLFESESGYKISKNSGVPYQTVQDLRNGKTKLEDARFRTIIKLYSYYVSLKEH,ATGACAGAGTTGAATAATATTATAAACTCTCTTCAATCTTTGTTTGAGTCTGAATCAGGCTATAAAATTTCGAAAAATTCAGGAGTTCCATATCAAACAGTACAAGATTTAAGAAATGGGAAAACCAAACTAGAAGATGCTAGATTTAGAACGATTATTAAACTTTATAGTTACTATGTCTCATTAAAAGAACATTAA,,hypothetical protein
ex2,abc|SC|contig000001,1_0_3,abc_00004,MSKNITKNIILTTTLLLLGTVLPQNQKPVFSFYSEAKAYSIGQDETNINELIKYYTQPHFSFSNKWLYQYDNGNIYVELKRYSWSAHISLWGAESWGNINQLKDRYVDVFGLKDKDTDQLWWSYRETFTGGVTPAAKPSDKTYNLFVQYKDKLQTIIGAHKIYQGNKPVLTLKEIDFRAREALIKNKILYTENRNKGKLKITGGGNNYTIDLSKRLHSDLANVYVKNPNKITVDVLFD,ATGAGTAAGAACATCACGAAAAATATAATTTTAACGACAACATTATTACTATTAGGTACTGTATTACCTCAAAATCAAAAACCAGTATTTAGTTTTTACTCTGAAGCTAAAGCTTATAGCATTGGTCAAGATGAAACTAACATCAATGAATTAATTAAATATTACACACAGCCTCATTTTTCATTTTCAAATAAATGGCTATATCAATATGATAATGGAAACATTTATGTTGAACTTAAGAGATATTCATGGTCAGCACATATATCTTTATGGGGCGCTGAAAGTTGGGGAAATATTAATCAGTTAAAAGATCGTTACGTAGATGTGTTTGGACTAAAAGACAAAGATACTGATCAGTTATGGTGGTCTTATAGAGAGACATTTACAGGTGGCGTTACACCAGCCGCAAAACCTTCTGATAAAACTTATAATCTTTTTGTGCAATACAAAGATAAACTACAAACGATTATTGGTGCGCATAAAATATACCAAGGCAATAAACCAGTATTAACATTGAAAGAAATCGATTTCCGTGCACGAGAAGCGTTAATAAAAAATAAAATATTATATACCGAAAATCGTAATAAAGGTAAGCTTAAGATCACCGGTGGCGGTAATAACTACACTATTGATTTAAGCAAAAGATTACATTCAGATCTAGCAAATGTTTATGTTAAAAATCCTAATAAAATAACTGTTGACGTCCTCTTTGATTAG,,superantigen-like proteinStaphylococcal/Streptococcal toxin beta-grasp domain
ex2,abc|SC|contig000001,1_0_4,abc_00005,MNNNITKKIILSTTLLLLGTAFTQFPNTPINSSSEAKAYYINQNETNVNELTKYYSQKYLTFSNSTLWQKDNGTIHATLLQFSWYSHIQVYGPESWGNINQLRNKSVDIFGIKDQETIDSFALSQETFTGGVTPAATSNDKHYKLNVTYKDKAETFTGGFPVYEGNKPVLTLKELDFRIRQTLIKSKKLYNNSYNKGQIKITGTDNNYTIDLSKRLPSTDANRYVKKPQNAKIEVILEKSN,ATGAACAATAACATCACGAAAAAAATTATTTTATCAACAACATTGTTACTATTAGGTACAGCATTTACACAATTTCCTAATACACCTATCAATTCTTCATCTGAAGCGAAAGCTTATTATATAAATCAAAACGAAACTAACGTTAATGAGTTAACTAAATATTACTCGCAAAAATATTTAACCTTCTCTAACAGTACGTTATGGCAAAAAGATAACGGTACGATTCATGCAACGTTGTTACAGTTTTCTTGGTATAGTCATATTCAAGTTTATGGACCTGAAAGTTGGGGCAATATCAACCAATTAAGAAATAAAAGCGTTGATATTTTTGGCATAAAAGACCAAGAAACCATTGATTCTTTTGCATTATCTCAAGAAACGTTTACTGGTGGTGTTACTCCTGCAGCAACATCTAACGATAAACACTATAAACTGAATGTAACATATAAAGATAAAGCAGAAACGTTTACTGGCGGATTTCCAGTTTATGAAGGCAATAAGCCTGTTTTAACTTTAAAAGAATTAGATTTTCGTATTCGTCAAACATTAATTAAAAGTAAAAAATTATATAATAATTCTTATAATAAAGGACAAATTAAAATAACAGGTACAGACAATAACTACACAATAGATTTAAGTAAAAGGTTGCCATCAACTGATGCAAATAGATATGTTAAAAAACCTCAAAATGCAAAAATTGAAGTTATCCTCGAAAAATCAAACTAA,speH,hypothetical proteinsuperantigen-like proteinStaphylococcal/Streptococcal toxin beta-grasp domain
ex2,abc|SC|contig000001,1_0_5,abc_00006,MKKNIMNKLVLSTALLLLGTTSTQLPKTPISFSSEAKAYNISENETNINELIKYYTQPHFSLSGKWLWQKPNGSIHATLQTWVWYSHIQVFGSESWGNINQLRNKYVDIFGTKDEDTVEGYWTYDETFTGGVTPAATSSDKPYRLFLKYSDKQQTIIGGHEFYKGNKPVLTLKELDFRIRQTLIKNKKLYNGEFNKGQIKITADGNNYTIDLSKKLKLTDTNRYVKNPKNAQIEVILEKSN,ATGAAAAAGAACATCATGAATAAATTAGTTTTATCAACAGCATTGTTACTTTTAGGAACCACATCAACACAACTTCCTAAAACACCAATCAGTTTTTCATCTGAAGCAAAAGCCTATAATATCAGTGAAAACGAGACTAATATCAATGAGTTAATCAAATATTACACTCAGCCGCATTTTTCATTATCTGGAAAATGGCTATGGCAAAAGCCCAATGGTAGCATTCATGCAACATTGCAAACGTGGGTTTGGTATAGTCATATTCAAGTGTTTGGATCCGAGAGTTGGGGAAACATTAATCAGTTAAGAAATAAATACGTTGATATATTTGGAACTAAAGATGAGGACACAGTTGAAGGTTACTGGACTTATGATGAAACATTTACTGGTGGTGTTACGCCAGCAGCTACTTCATCTGATAAACCTTATAGACTATTTTTAAAATATAGTGATAAACAACAAACTATCATCGGTGGACATGAATTTTACAAAGGAAATAAACCAGTATTAACTTTAAAAGAATTAGATTTCCGTATTCGTCAAACATTAATAAAGAATAAAAAGTTATATAACGGAGAATTTAATAAAGGTCAAATTAAGATAACTGCTGATGGAAATAATTACACGATTGATTTAAGTAAAAAGTTAAAATTAACTGACACAAACCGTTATGTTAAAAATCCTAAAAATGCACAAATTGAAGTCATACTCGAAAAATCTAACTAA,,superantigen-like proteinStaphylococcal/Streptococcal toxin beta-grasp domain
ex2,abc|SC|contig000001,1_0_6,abc_00007,MKNLRNRSFLTLLDFSRQEVEFLLTLSEDLKRAKYIGTEKPMLKNKNIALLFEKDSTRTRCAFEVAAHDQGANVTYLGPTGSQMGKKETTKDTARVLGGMYDGIEYRGFSQRTVETLAENSGVPVWNGLTDEDHPTQVLADFLTAKEVLKKDYADINFTYVGDGRNNVANALMQGAAIMGMNFHLVCPKELNPTDELLNRCKNIAAENGGNILITDDIDQGVKGSDVIYTDVWVSMGEPDEVWKERLELLKPYQVNKEMMDKTGNPNVIFEHCLPSFHNADTKIGQQIFEKYGIREMEVTDEVFESKASVVFQEAENRMHTIKAVMVATLGEF,ATGAAAAATTTACGAAACAGAAGTTTTTTAACTTTATTAGACTTTTCACGACAAGAGGTAGAATTCTTATTAACACTCTCCGAGGATTTAAAACGTGCTAAATATATTGGCACTGAAAAGCCTATGTTAAAAAATAAAAATATTGCACTGTTATTTGAAAAAGATTCTACAAGAACGCGATGTGCATTTGAAGTTGCAGCGCATGATCAAGGTGCAAATGTAACTTATTTAGGCCCAACTGGATCACAAATGGGTAAAAAAGAAACAACTAAAGATACTGCACGTGTGCTTGGTGGAATGTATGATGGCATTGAATACCGTGGTTTTTCACAAAGAACAGTAGAAACTTTAGCTGAAAATTCAGGCGTACCAGTGTGGAATGGTTTAACTGATGAAGATCATCCTACTCAAGTTCTTGCTGATTTCTTAACAGCAAAAGAAGTCTTAAAAAAAGATTATGCAGATATTAACTTTACATATGTTGGAGATGGTCGTAATAACGTTGCAAATGCATTAATGCAAGGTGCTGCCATTATGGGTATGAACTTCCATTTAGTTTGTCCAAAAGAATTAAATCCAACAGATGAATTATTAAATCGCTGTAAAAATATTGCCGCTGAAAATGGTGGCAACATATTAATCACAGATGATATTGACCAAGGTGTAAAAGGTTCGGATGTAATTTACACTGATGTTTGGGTATCAATGGGTGAACCTGATGAAGTATGGAAAGAACGACTTGAATTATTGAAACCATATCAAGTAAATAAAGAAATGATGGATAAAACTGGTAATCCAAATGTTATTTTTGAGCATTGCTTACCATCTTTCCATAATGCTGATACGAAAATTGGTCAACAAATTTTTGAAAAATATGGTATTCGAGAAATGGAAGTTACAGATGAAGTATTCGAAAGTAAAGCTTCAGTTGTATTCCAAGAAGCTGAGAACAGAATGCATACAATCAAAGCAGTCATGGTTGCTACATTGGGTGAATTTTAA,argF,Ornithine carbamoyltransferaseornithine carbamoyltransferaseOrnithine carbamoyltransferaseornithine carbamoyltransferaseAspartate/ornithine carbamoyltransferase Asp/Orn binding domain
ex2,abc|SC|contig000001,1_0_7,abc_00008,MMAKIVVALGGNALGKSPQEQLELVKNTAKSLVGLITKGHEIVISHGNGPQVGSINLGLNYAAEHNQGPAFPFAECGAMSQAYIGYQLQESLQNELHSIGMDKQVVTLVTQVEVDENDPAFNNPSKPIGLFYNKEEAEQIQKEKGFIFVEDAGRGYRRVVPSPQPISIIELESIKTLIKNDTLVIAAGGGGIPVIREQHDGFKGIDAVIDKDKTSALLGANIQCDQLIILTAIDYVYINFNTENQQPLKTTNVDELKRYIDENQFAKGSMLPKIEAAISFIENNPKGSVLITSLNELDAALEGKVGTVIKK,ATGATGGCGAAAATAGTAGTAGCATTAGGTGGTAATGCTTTAGGAAAATCACCTCAAGAACAACTCGAGCTTGTTAAAAATACTGCGAAATCATTAGTAGGATTAATAACAAAAGGACATGAGATTGTTATTAGTCATGGTAATGGACCACAGGTTGGAAGCATTAATTTGGGACTTAACTATGCTGCAGAACATAACCAAGGTCCGGCATTTCCATTTGCTGAATGTGGCGCAATGAGTCAAGCTTACATCGGCTATCAATTACAAGAAAGCTTACAAAATGAATTGCATTCTATTGGAATGGATAAACAAGTGGTAACACTAGTGACACAAGTTGAAGTTGATGAAAATGATCCGGCATTTAACAATCCTTCAAAACCAATTGGGTTATTTTACAACAAAGAAGAAGCTGAACAAATTCAAAAAGAAAAAGGATTTATATTTGTTGAAGATGCTGGAAGAGGATATAGACGCGTTGTTCCTTCACCACAACCCATCTCTATTATTGAATTAGAGAGTATTAAAACACTTATTAAAAATGATACACTCGTTATTGCTGCTGGTGGTGGAGGTATACCAGTAATTAGAGAGCAACATGATGGTTTTAAAGGTATTGATGCAGTTATAGACAAAGATAAAACAAGTGCGTTGTTGGGTGCTAATATTCAATGCGATCAATTGATTATTTTAACAGCAATTGATTATGTATATATTAATTTTAACACTGAAAACCAACAGCCTTTGAAAACAACAAATGTTGATGAATTAAAACGATATATAGACGAAAATCAATTTGCAAAAGGAAGTATGTTACCAAAAATTGAAGCAGCCATATCATTTATTGAAAACAATCCAAAAGGAAGTGTGCTTATAACATCATTAAATGAATTAGATGCTGCCTTAGAGGGTAAAGTAGGTACTGTGATTAAAAAGTAA,arcC1,Carbamate kinase 1putative amino acid kinasecarbamate kinaseAmino acid kinase family protein
ex2,abc|SC|contig000001,1_0_8,abc_00010,MTHLTKVLDTLTGICVVLLFSKYFVAYANMVFDWNLRWYLLENIPHLPIILFILMFIFGVPSEMIKDRQRKNNGV,ATGACACATTTGACAAAGGTTTTAGATACACTAACTGGAATATGCGTAGTATTATTATTTAGTAAATATTTTGTGGCGTATGCAAATATGGTGTTTGATTGGAATTTAAGATGGTATTTGCTAGAAAACATACCACATTTGCCAATTATATTATTTATTCTGATGTTTATTTTCGGAGTACCTTCTGAAATGATAAAAGATAGGCAAAGGAAAAATAACGGTGTTTAA,,hypothetical protein
ex2,abc|SC|contig000001,1_0_9,abc_00011,MRLQKAPLVTSGLVLGLLGLGNLLKDLSLTLNAVCGIFAFLIWIHLLCTMIKYFNNVKEQLNSPLVSSVFTTFFMSGFLGTTYLNTFFSNITFINSLITPIWILCLVGIMTHMIIFSIKYLKDFSLENVYPSWTVLFIGIAIAGLTAPVSGCFFIGQLTVIYGFVATCIVLPIVFKRLKAFPLQTSIKPNTSTICAPFSLVAAAYVIAFPKANAFIVIIFLILAQIFYFYIIIQLPKLLKEPFSPVFSAFTFPLVISATALKNSLPVLMFPDIWKGLLFIEVLLATVIVLRVFIGYLHFFLKKENQDKFLRNASQ,ATGAGACTTCAAAAAGCACCTCTAGTAACGTCAGGACTAGTCTTAGGATTATTAGGCCTGGGTAATCTATTAAAAGACTTATCTCTTACTTTAAACGCTGTTTGCGGAATCTTTGCTTTCTTGATTTGGATTCACCTTTTATGTACTATGATCAAATATTTTAATAATGTGAAAGAACAATTAAACAGTCCTCTAGTTTCATCAGTGTTCACAACATTTTTCATGTCTGGCTTTTTAGGTACTACTTATTTAAATACATTTTTTAGTAACATAACTTTTATCAATAGCTTAATAACGCCTATTTGGATTTTATGCCTTGTGGGAATTATGACGCATATGATTATTTTTTCAATAAAATATTTAAAAGATTTTTCACTTGAAAATGTTTATCCTTCGTGGACTGTACTTTTTATTGGTATTGCTATCGCAGGATTGACGGCACCCGTTAGCGGATGTTTTTTCATAGGTCAATTAACAGTAATATATGGCTTTGTAGCTACTTGTATTGTCTTACCTATTGTTTTCAAGCGATTAAAAGCATTTCCATTGCAGACGTCAATCAAACCGAACACATCGACAATTTGTGCACCATTTTCTTTAGTCGCTGCAGCATATGTTATAGCCTTTCCTAAGGCGAATGCTTTTATCGTAATTATATTTTTAATATTAGCTCAAATATTTTATTTTTATATCATTATACAATTGCCTAAATTACTAAAAGAACCTTTTTCGCCCGTATTTTCAGCTTTCACATTCCCTTTAGTAATCTCAGCAACTGCTTTAAAGAACAGTTTGCCTGTACTTATGTTTCCAGATATTTGGAAAGGTCTTTTGTTTATCGAAGTGTTATTAGCCACTGTAATAGTACTTAGAGTCTTTATAGGATATCTTCACTTCTTTTTAAAAAAGGAAAATCAAGATAAATTTCTTCGTAATGCGTCTCAGTAA,,C4-dicarboxylate transporter/malic acid transport protein
ex2,abc|SC|contig000001,1_0_10,abc_00012,MRNQIQKLLDSDLSSLHISKQTGVPQSTIHRMRKKERSLDNMSLKNAELLYKFANSIFSNEN,ATGAGAAATCAAATTCAAAAACTATTAGACAGTGATTTGAGCAGTTTACATATATCGAAACAAACAGGAGTTCCACAAAGCACAATACACAGAATGAGAAAAAAAGAAAGATCATTAGACAATATGTCATTGAAAAACGCTGAACTACTTTATAAATTTGCCAATAGTATATTTAGCAATGAAAATTAA,,hypothetical protein
ex2,abc|SC|contig000001,1_0_11,abc_00014,MEGLFNAIKDTVTAAINNDGAKLGTSIVSIVENGVGLLGKLFGF,ATGGAAGGTTTATTTAACGCAATTAAAGATACCGTAACTGCAGCAATTAATAATGATGGCGCAAAATTAGGCACAAGCATTGTGAGCATCGTTGAAAATGGCGTAGGTTTATTAGGTAAATTATTCGGATTCTAA,,Gonococcal growth inhibitor IIIStaphylococcus haemolytic protein
ex2,abc|SC|contig000001,1_0_12,abc_00015,MTGLAEAIANTVQAAQQHDSVKLGTSIVDIVANGVGLLGKLFGF,ATGACTGGACTAGCAGAAGCAATCGCAAATACTGTGCAAGCTGCACAACAACATGATAGTGTGAAATTAGGCACAAGTATCGTAGACATCGTTGCTAACGGTGTGGGTTTACTAGGTAAATTATTTGGATTCTAA,,Gonococcal growth inhibitor IIIStaphylococcus haemolytic protein
ex2,abc|SC|contig000001,1_0_13,abc_00016,MGYKNILIDFDDTIVDFYDAEEWAFHYMANVFNHKATKDDFLTFKKINHQHWEAFQQNKLTKSEVLSERFVNYFKHHQMEVDGHRADVLFRNGLAEAKVKYFDQTLETIVELSKRHDLYIVTNGVTETQKRRLNQTPLHKYIKKIFISEETGYQKPNPEFFNYVFNDIGEDERQHSIIVGDSLTSDILGGINAGIATCWFNFRGFDHNPGIIPDYEINSWKQLNDIVR,TTGGGATATAAAAATATTTTGATAGACTTTGATGATACAATTGTTGATTTTTATGATGCAGAAGAATGGGCGTTTCACTATATGGCGAATGTTTTTAATCATAAAGCAACAAAGGATGATTTTTTAACATTTAAAAAAATCAATCACCAACATTGGGAAGCTTTTCAACAAAATAAATTAACGAAGTCTGAAGTATTATCAGAACGATTTGTGAATTACTTCAAACATCATCAAATGGAAGTTGATGGGCATCGTGCAGATGTGTTATTTAGAAATGGATTAGCAGAAGCTAAAGTTAAATACTTTGATCAAACATTAGAAACAATTGTCGAATTATCGAAAAGACATGATTTATATATTGTTACTAATGGTGTAACCGAAACGCAAAAGAGAAGGTTAAATCAGACGCCGTTGCATAAATATATTAAAAAGATATTTATATCTGAGGAAACAGGATATCAAAAACCTAATCCGGAATTTTTTAATTATGTTTTTAATGATATTGGTGAGGATGAAAGACAGCACTCGATTATAGTTGGAGATTCTTTAACATCTGACATTCTAGGTGGAATCAATGCGGGTATAGCTACTTGCTGGTTTAATTTTAGAGGATTTGATCATAATCCAGGAATTATACCTGATTATGAAATTAATTCATGGAAACAACTAAATGATATTGTACGTTAA,yfnB,Putative HAD-hydrolase yfnBdUMP phosphataseHAD hydrolasehaloacid dehalogenase-like hydrolase
